{"customerId":"123456","accounts":[{"id":9876543,"content":"SampleAcct1"},{"id":8765432,"content":"SampleAcct2"},{"id":7654321,"content":"SampleAcct3"}]}
{"customerId":"123789","accounts":[{"id":1475236,"content":"SampleAcct1"},{"id":9966522,"content":"SampleAcct2"},{"id":9021456,"content":"SampleAcct3"}]}
{"customerId":"456789","accounts":[{"id":9856324,"content":"SampleAcct1"},{"id":6655984,"content":"SampleAcct2"},{"id":1502468,"content":"SampleAcct3"}]}
{"customerId":"789123","accounts":[{"id":8025961,"content":"SampleAcct1"},{"id":3254896,"content":"SampleAcct2"},{"id":2357941,"content":"SampleAcct3"}]}
{"customerId":"456123","accounts":[{"id":6597512,"content":"SampleAcct1"},{"id":1589647,"content":"SampleAcct2"},{"id":7056321,"content":"SampleAcct3"}]}